x,y,time_to_live,cluster,hospital_number,time_to_hospital,index
38,77,21,0,1,25.600000000000016,0
39,77,58,0,1,26.600000000000016,8
24,65,56,0,1,23.600000000000016,33
