x,y,time_to_live,cluster,hospital_number,time_to_hospital,index
1,89,53,1,1,23.399999999999984,12
5,92,50,1,1,22.399999999999984,15
