x,y,time_to_live,cluster,hospital_number,time_to_hospital,index
35,57,39,5,0,36.50000000000001,27
36,57,55,5,0,37.50000000000001,44
