x,y,time_to_live,cluster,hospital_number,time_to_hospital,index
64,75,47,2,2,27.199999999999996,18
69,72,37,2,2,19.199999999999996,32
