x,y,time_to_live,cluster,hospital_number,time_to_hospital,index
87,50,101,3,2,20.800000000000004,20
82,55,74,3,2,10.800000000000004,43
