x,y,time_to_live,cluster,hospital_number,time_to_hospital,index
58,95,108,1,4,25.111111111111114,9
65,92,27,1,4,18.44444444444443,25
69,100,59,1,4,19.111111111111114,28
54,93,60,1,4,28.44444444444443,40
