x,y,time_to_live,cluster,hospital_number,time_to_hospital,index
99,100,24,2,4,23.55555555555557,21
99,93,37,2,4,17.888888888888886,29
95,99,99,2,4,18.55555555555557,34
