x,y,time_to_live,cluster,hospital_number,time_to_hospital,index
75,1,72,0,3,17.444444444444443,11
71,3,53,0,3,15.444444444444443,16
86,9,116,0,3,20.444444444444443,30
74,11,96,0,3,6.444444444444443,39
