x,y,time_to_live,cluster,hospital_number,time_to_hospital,index
18,83,95,2,1,2.000000000000007,14
22,86,80,2,1,4.999999999999993,22
