x,y,time_to_live,cluster,hospital_number,time_to_hospital,index
64,30,74,2,3,22.555555555555557,5
56,26,80,2,3,26.555555555555557,10
58,15,87,2,3,16.444444444444443,23
