x,y,time_to_live,cluster,hospital_number,time_to_hospital,index
30,50,73,4,2,10.333333333333336,42
25,53,34,4,2,12.333333333333336,45
