x,y,time_to_live,cluster,hospital_number,time_to_hospital,index
25,100,58,4,1,21.999999999999993,6
17,100,25,4,1,18.399999999999984,26
