x,y,time_to_live,cluster,hospital_number,time_to_hospital,index
2,26,87,0,0,27.499999999999993,37
7,20,20,0,0,28.499999999999993,47
