x,y,time_to_live,cluster,hospital_number,time_to_hospital,index
30,50,73,1,0,24.500000000000007,42
25,53,34,1,0,22.500000000000007,45
