x,y,time_to_live,cluster,hospital_number,time_to_hospital,index
17,23,29,3,0,15.499999999999993,1
17,20,102,3,0,18.499999999999993,2
