x,y,time_to_live,cluster,hospital_number,time_to_hospital,index
38,41,69,4,0,23.500000000000007,38
29,42,67,4,0,15.500000000000007,41
