x,y,time_to_live,cluster,hospital_number,time_to_hospital,index
68,28,115,4,2,22.222222222222236,0
58,27,84,4,2,11.222222222222236,19
59,22,53,4,2,7.222222222222236,75
64,26,126,4,2,16.222222222222236,102
62,30,104,4,2,18.222222222222236,128
69,19,89,4,2,16.07407407407407,145
67,22,131,4,2,15.222222222222236,168
57,25,121,4,2,8.222222222222236,237
64,30,114,4,2,20.222222222222236,257
65,27,114,4,2,18.222222222222236,291
62,34,71,4,2,22.222222222222236,294
