x,y,time_to_live,cluster,hospital_number,time_to_hospital,index
99,98,78,2,1,44.91304347826086,5
99,94,135,2,1,40.91304347826086,38
87,99,143,2,1,33.91304347826086,40
81,99,101,2,1,27.91304347826086,114
90,100,56,2,1,37.91304347826086,164
97,98,104,2,1,42.91304347826086,165
88,91,131,2,1,26.91304347826086,175
95,93,149,2,1,35.91304347826086,184
83,97,147,2,1,27.91304347826086,241
95,90,52,2,1,32.91304347826086,267
100,99,88,2,1,46.91304347826086,286
