x,y,time_to_live,cluster,hospital_number,time_to_hospital,index
46,78,141,2,0,18.278481012658226,34
48,86,136,2,0,28.278481012658226,48
38,80,107,2,0,12.278481012658226,53
49,76,69,2,0,21.430379746835392,55
42,78,139,2,0,14.278481012658226,88
50,73,77,2,0,25.430379746835392,98
48,82,79,2,0,24.278481012658226,126
40,84,57,2,0,18.278481012658226,127
45,86,134,2,0,25.278481012658226,200
48,83,60,2,0,25.278481012658226,246
50,78,114,2,0,22.278481012658226,277
50,91,58,2,0,35.278481012658226,278
