x,y,time_to_live,cluster,hospital_number,time_to_hospital,index
71,34,110,1,4,22.56521739130437,26
87,51,69,1,4,23.56521739130437,32
81,40,64,1,4,18.56521739130437,37
86,51,95,1,4,24.56521739130437,73
71,42,118,1,4,30.56521739130437,83
78,29,133,1,4,10.565217391304369,150
77,45,132,1,4,27.56521739130437,161
83,42,87,1,4,18.56521739130437,208
76,46,80,1,4,29.56521739130437,210
76,38,72,1,4,21.56521739130437,220
80,31,139,1,4,10.565217391304369,240
87,44,120,1,4,16.56521739130437,242
