x,y,time_to_live,cluster,hospital_number,time_to_hospital,index
2,94,60,3,0,43.56962025316461,89
15,96,55,3,0,32.56962025316461,125
3,94,84,3,0,42.56962025316461,148
5,93,131,3,0,39.56962025316461,198
18,92,118,3,0,25.569620253164608,235
15,92,84,3,0,28.569620253164608,281
