x,y,time_to_live,cluster,hospital_number,time_to_hospital,index
17,63,104,5,0,25.721518987341774,28
16,65,121,5,0,24.721518987341774,78
14,60,143,5,0,31.721518987341774,176
6,61,63,5,0,38.721518987341774,232
23,58,110,5,0,24.721518987341774,259
