x,y,time_to_live,cluster,hospital_number,time_to_hospital,index
52,32,144,0,2,13.925925925925931,45
44,18,91,0,2,11.777777777777764,94
46,31,64,0,2,18.92592592592593,99
40,28,77,0,2,21.92592592592593,110
49,20,115,0,2,4.925925925925931,152
53,23,116,0,2,3.925925925925931,163
42,38,74,0,2,29.92592592592593,171
51,17,142,0,2,5.777777777777764,193
50,17,97,0,2,6.777777777777764,197
55,20,144,0,2,1.2222222222222356,211
39,32,127,0,2,26.92592592592593,255
