x,y,time_to_live,cluster,hospital_number,time_to_hospital,index
66,5,115,2,2,27.07407407407407,3
66,10,87,2,2,22.07407407407407,84
72,6,136,2,2,32.07407407407407,129
61,4,129,2,2,23.07407407407407,158
56,2,136,2,2,20.07407407407407,182
74,3,101,2,2,37.07407407407407,192
68,10,132,2,2,24.07407407407407,195
59,4,99,2,2,21.07407407407407,201
68,2,78,2,2,32.07407407407407,229
67,13,139,2,2,20.07407407407407,282
