x,y,time_to_live,cluster,hospital_number,time_to_hospital,index
56,36,110,3,2,18.222222222222236,7
60,49,95,3,2,35.222222222222236,39
45,44,104,3,2,32.92592592592593,44
60,42,114,3,2,28.222222222222236,66
62,41,75,3,2,29.222222222222236,119
55,41,60,3,2,22.222222222222236,136
57,50,112,3,2,33.222222222222236,162
53,44,146,3,2,24.92592592592593,188
